,time,lat,lon,rain,MEV,HMV,vr500,vws1,vws3
0,2.02106E+11,37.85,117.05,21.09,0.7130782,500,0.990000204,11.515802,16.528965
1,2.02106E+11,37.41,116.02,30.97,0.45042623,0,1.350000035,6.7725744,11.560703
2,2.02106E+11,37,115.43,22.11,0.8372015,125,4.549999721,9.162996,10.102312
3,2.02106E+11,38.85,117.4,22.61,2.3626868,1125,0.770000566,12.205207,23.59055
4,2.02106E+11,39.5,116.59,21.13,0.44740555,500,0.87999989,2.5688071,10.901263
5,2.02106E+11,39.51,116.6,26.84,0.2954246,375,1.379999914,3.105484,10.550456
6,2.02106E+11,39.66,116.79,30.43,0.27939124,375,1.170000061,3.660174,10.436
7,2.02106E+11,36.67,114.91,24.63,0.24001389,500,1.260000281,4.0511775,12.021369
8,2.02106E+11,36.56,115.06,29.18,0.32749507,500,1.440000138,4.0655904,11.820267
9,2.02106E+11,36.79,114.97,22.25,0.042455918,1125,1.339999726,3.4476445,11.434972
10,2.02106E+11,36.65,115.11,20.24,0.15718913,3875,1.149999676,3.9241266,11.220717
11,2.02106E+11,38.01,116.99,24.73,0.48851132,3875,1.690000063,2.1706338,9.90784
12,2.02106E+11,37.85,117.3,20.68,0.7498669,3500,1.019999967,2.7399988,9.198896
13,2.02106E+11,37.88,117.33,26.9,0.7488832,3500,1.549999928,2.418051,8.943814
14,2.02106E+11,37.87,117.35,20.47,0.7879634,3500,0.920000079,2.628927,8.352391
15,2.02106E+11,37.89,117.36,23.55,0.7802939,3500,1.629999955,2.3668003,8.449648
16,2.02106E+11,37.89,117.42,23.76,0.9497705,3750,0.709999935,2.398529,8.424371
17,2.02106E+11,38.54,117.62,20.04,0,0,0.109999746,2.3166611,10.591966
18,2.02106E+11,38.47,116.59,21.23,0.4680182,1125,0.650000176,6.8340073,8.274443
19,2.02106E+11,38.08,116.43,20.33,0.23516068,250,0.819999957,6.531101,7.421905
20,2.02106E+11,38.05,116.16,22.14,0.5662629,375,0.599999912,5.8046527,6.598839
21,2.02106E+11,38.44,116.11,22.79,0.59006594,375,1.150000142,6.597323,6.0713425
22,2.02106E+11,38.88,116.71,20.27,1.4220709,3500,1.87999988,7.506919,8.779949
23,2.02106E+11,36.57,114.98,20.86,0.3149107,250,1.41999987,2.458195,7.207779
24,2.02106E+11,36.99,115.46,21.32,0.78237725,125,1.249999972,2.9872286,7.5734577
25,2.02106E+11,36.83,114.86,22.62,0.4219089,125,1.229999936,3.0726125,5.20232
26,2.02106E+11,37.7,116.18,20.04,0.6762277,3500,0.160000447,8.458493,8.721633
27,2.02106E+11,38.2,117.47,20.04,0,0,0.059999944,4.6358137,15.516087
28,2.02106E+11,39.42,117.49,26.9,0.5186645,125,2.379999962,10.663035,12.417208
29,2.02106E+11,39.52,117.71,21.57,0,0,3.509999719,8.110566,14.539501
30,2.02106E+11,37.83,116.63,22.87,0.28752745,3875,0.339999911,5.1477695,9.238837
31,2.02106E+11,37.82,116.58,24.25,0.52923497,3125,0.260000175,5.445227,11.295739
32,2.02106E+11,37.66,115.35,20.72,0.042841716,375,1.840000157,6.13188,12.398286
33,2.02106E+11,37.61,116.27,20.69,0.46058027,3875,0.289999851,5.463188,11.292611
34,2.02106E+11,37.55,116.28,20.4,0.36167974,3875,0.409999833,6.394495,10.063125
35,2.02106E+11,38.58,116.53,25.87,0.2967092,875,0.259999884,3.8541033,6.3975143
36,2.02106E+11,38.58,116.54,20.97,0.33569304,875,0.280000211,3.8522923,6.3586655
37,2.02106E+11,38.54,116.24,32.4,0.34399138,875,0.230000136,2.8911355,6.113642
38,2.02106E+11,38.33,116.72,32.96,0.46492805,1625,0.269999873,5.2839537,4.9890285
39,2.02106E+11,38.19,117.42,23.5,0.11943982,1000,0.23000002,3.587697,4.285906
40,2.02106E+11,38.55,115.76,24.3,0.226438,500,0.850000069,2.7495577,7.5973234
41,2.02106E+11,37.92,116.54,24.54,0.11856794,3875,0.239999776,4.7617183,6.749236
42,2.02106E+11,37.9,116.55,27.9,0.16067283,3875,0.239999776,3.5340705,6.966785
43,2.02106E+11,37.8,116.65,24.53,0.17370472,3875,0.190000297,3.4544573,8.002906
44,2.02106E+11,38.2,117.12,22.25,0.2882489,1625,0.310000061,3.7598288,5.7416244
45,2.02106E+11,38.2,117.12,21.82,0.26090427,1625,0.309999828,3.9346883,5.921801
46,2.02106E+11,39.39,118.6,20.76,0.41041243,3500,1.240000012,3.3621457,9.318047
47,2.02106E+11,39.46,117.63,20.4,0.486617,2875,0.319999934,3.8868449,11.455925
48,2.02106E+11,39.6,116.75,23.83,0.5139655,3000,0.750000065,2.8305817,10.474537
49,2.02106E+11,38.11,116.1,21.29,0.4334864,375,0.92000002,6.148632,8.361601
50,2.02106E+11,37.74,117,20.03,1.10609544,500,0.999999815,5.404741,5.767101
51,2.02106E+11,37.52,116.23,27.43,1.09209526,250,1.499999547,5.767424,8.014515
52,2.02106E+11,37.35,115.93,20.59,1.08617336,250,1.370000071,5.369348,9.573994
53,2.02106E+11,38.22,117.68,26.28,1.3677945,0,1.270000008,4.983485,10.973035
54,2.02106E+11,39.5,117.98,25.08,0.6645345,625,1.969999867,7.891453,10.42322
55,2.02106E+11,39.42,118.08,20.12,0.71158516,500,0.919999962,7.468772,10.96897
56,2.02106E+11,39.4,118.07,27.05,0.70079856,500,3.210000228,7.5902085,11.38171
57,2.02106E+11,39.37,118.11,22.22,0.7276301,500,1.880000113,7.870929,12.181287
58,2.02106E+11,39.33,118.12,22.49,0.6929015,500,2.080000006,7.3499804,11.832257
59,2.02106E+11,39.45,116.87,24.69,1.0419852,0,1.870000036,5.3256054,9.334268
60,2.02106E+11,39.22,116.73,28.89,0.9718028,0,0.810000056,4.7198873,10.253641
61,2.02106E+11,39.45,118.24,21.31,0.41678177,2875,1.240000012,4.7030354,8.383401
62,2.02106E+11,39.5,116.98,21.77,0.51447474,1375,0.650000235,6.1816826,13.341902
63,2.02106E+11,39.34,117.06,29.86,0,0,0.610000105,4.4597783,14.654429
64,2.02106E+11,39.35,117.06,20.63,0,0,0.879999716,4.2517366,14.730741
65,2.02106E+11,37.88,116.27,20.31,1.235014,1625,0.570000673,5.3466296,9.305192
66,2.02106E+11,37.96,116.2,22.37,1.1671424,875,0.600000378,4.7044363,11.3564005
67,2.02106E+11,38.15,117.31,20.94,0.896358,3500,0.55999984,7.3525715,9.535342
68,2.02106E+11,38.1,115.88,36.78,1.25798,1250,0.630000141,4.725699,9.67262
69,2.02106E+11,38.26,115.42,21.37,1.3467498,500,1.359999762,5.2053747,8.971926
70,2.02106E+11,38.1,115.78,20.03,1.110424,875,0.829999917,5.445401,10.3994255
71,2.02106E+11,38.14,115.59,21.36,0.78716876,500,0.919999729,5.6225033,11.49284
72,2.02106E+11,37.71,116.26,20.54,0.18711082,250,0.430000306,5.4416585,10.159964
73,2.02107E+11,37.52,115.53,20.74,0,0,0.460000156,5.7210917,13.315073
74,2.02107E+11,39.37,116.53,20.16,0.22877975,1375,1.169999829,5.044897,5.630639
75,2.02107E+11,39.23,117.94,28.5,1.12592104,875,0.919999147,6.6315017,9.453182
76,2.02107E+11,39.51,117.97,28.75,0.8642683,500,3.099999856,6.7041945,13.883784
77,2.02107E+11,37.23,115.77,20.03,0.1815015,125,0.350000017,2.4877503,3.2582126
78,2.02107E+11,37.32,115.61,22.67,0,0,0.719999836,2.9349017,3.981906
79,2.02107E+11,37.4,116.03,23.37,0,0,0.840000052,2.6582892,3.1455698
80,2.02107E+11,36.84,115.07,22.38,0.40523515,125,1.119999913,4.2312064,7.271732
81,2.02107E+11,36.79,115.06,28.34,0.25229738,125,1.759999781,4.689536,7.5435414
82,2.02107E+11,36.8,115.02,37.94,0.35747853,0,1.000000164,5.2141886,7.5961924
83,2.02107E+11,36.78,114.97,29.39,0.26895565,0,1.329999883,5.3232536,7.491457
84,2.02107E+11,38.36,115.59,22.36,0.59204507,125,2.179999836,7.556313,9.540593
85,2.02107E+11,37.66,116.28,20.55,0.58268586,250,0.670000154,5.768172,8.455712
86,2.02107E+11,38.8,116.76,20.93,0.13868679,250,0.710000051,6.245171,7.3909907
87,2.02107E+11,38.42,116.98,26.06,0.8683384,1000,0.699999568,7.1296754,8.384844
88,2.02107E+11,38.08,116.11,22.63,0.3433973,0,1.169999945,7.46121,8.8755045
89,2.02107E+11,38.41,116.19,20.35,0.7406196,500,1.440000022,4.686832,8.301041
90,2.02107E+11,38.93,115.92,22.13,0.539902,0,1.079999958,6.2457585,8.592326
91,2.02107E+11,38.08,116.39,24.56,0.7112804,500,2.469999716,6.7168837,10.867811
92,2.02107E+11,37.9,117.09,21.73,1.04975894,250,2.040000167,6.9092374,8.936722
93,2.02107E+11,38.71,117.64,23.22,1.704367,125,1.329999999,8.016681,9.098851
94,2.02107E+11,39.03,117.73,20.06,2.0781836,125,2.110000234,7.00374,8.927916
95,2.02107E+11,39.44,117.39,29.63,0.9701362,250,1.910000108,6.229364,10.703611
96,2.02107E+11,39.28,117.93,21.47,1.7567533,125,2.150000073,6.3449187,8.503741
97,2.02107E+11,39.55,116.93,25.89,0.6601713,1375,2.219999675,8.482062,15.077111
98,2.02107E+11,39.46,116.91,21.12,0.69693684,1375,1.800000202,9.25112,15.487555
99,2.02107E+11,39.47,116.93,28.74,0.23391844,1375,1.520000049,5.852065,13.691945
100,2.02107E+11,39.37,116.7,23.97,1.5005517,2000,0.700000266,5.405835,14.389409
101,2.02107E+11,39.18,116.53,28.78,1.0135334,1375,0.779999711,5.5059013,15.730278
102,2.02107E+11,39.17,116.65,27.27,1.02672355,3875,1.690000063,7.6491594,14.638003
103,2.02107E+11,39.26,116.89,20.03,0.9991898,1375,2.849999815,9.098655,15.011608
104,2.02107E+11,39.33,116.97,22.18,0.8487134,3875,1.329999883,7.324408,14.426598
105,2.02107E+11,39.21,117.12,22.92,1.1227537,3500,1.890000072,7.504842,15.610369
106,2.02107E+11,38.94,116.56,23.13,0.43126805,3875,2.929999959,7.1835318,13.868867
107,2.02107E+11,39.02,117.21,26.08,1.0566645,3750,2.06999993,7.9626555,16.277277
108,2.02107E+11,38.97,116.85,21.41,0.6353844,3875,1.320000156,9.1738,14.557734
109,2.02107E+11,38.52,117.66,20.29,1.355052,250,2.490000799,9.29653,18.703207
110,2.02107E+11,38.09,115.39,20.01,0.047579215,3875,0.439999974,1.5841018,5.234872
111,2.02107E+11,38.76,115.88,21.29,0.36367812,3750,0.769999984,4.706128,5.852293
112,2.02107E+11,38.27,117.78,22.12,0.42896878,375,0.720000011,8.62553,15.154245
113,2.02107E+11,38.73,115.93,25.13,0.52497584,2500,1.820000121,6.217654,7.9704137
114,2.02107E+11,38.7,115.86,25.06,0.7351183,2750,1.7799997,7.305501,10.157766
115,2.02107E+11,37.64,116.69,20.01,0.10298985,125,0.440000411,3.5634375,5.5628943
116,2.02107E+11,38.33,115.8,21.57,0.745519,250,0.910000061,7.234286,8.828113
117,2.02107E+11,38.45,116.15,24.17,0.9077159,1375,1.010000473,7.0648785,6.177642
118,2.02107E+11,38.61,116.62,31.01,0.73129886,3875,0.889999734,5.548589,6.2235565
119,2.02107E+11,38.61,116.6,24.03,0.8495891,2250,0.650000118,5.6843276,6.10047
120,2.02107E+11,37.85,116.73,23.85,1.0783034,125,1.400000299,6.2531524,7.683515
121,2.02107E+11,38.56,116.81,24.28,1.01352176,3750,2.139999764,5.4441657,8.392451
122,2.02107E+11,37.91,117,34.52,1.0114965,0,1.180000021,6.061581,9.596333
123,2.02107E+11,38.59,117.03,24.89,1.20962926,3375,1.279999968,5.3099847,9.089274
124,2.02107E+11,38.7,117.03,27.17,1.5397322,3125,1.249999739,5.6575546,9.915014
125,2.02107E+11,38.32,116.95,27.45,1.1550133,2250,1.730000018,7.512886,11.195779
126,2.02107E+11,39.31,117.09,26.24,0.81635364,250,0.389999856,2.932756,7.088896
127,2.02107E+11,36.9,115.55,20.37,0.41638825,3000,0.389999972,3.8624501,9.037631
128,2.02107E+11,39.21,117.87,21.74,0.8087073,3875,0.460000214,4.650793,8.888753
129,2.02107E+11,39.06,118.2,28.28,1.4822037,3875,0.329999864,4.236227,8.205575
130,2.02107E+11,39.06,118.69,30.22,0.42983294,1250,0.400000165,3.3494287,10.500498
131,2.02107E+11,39.11,118.41,21.09,0.12204777,3875,0.530000194,4.450424,12.16117
132,2.02107E+11,37.9,117.32,20.27,0.55475095,0,0.629999791,5.5029488,16.30224
133,2.02107E+11,39.51,116.68,20.36,1.293758,500,2.329999814,8.7411995,8.960939
134,2.02107E+11,39.03,116.07,24.79,0.34912235,500,1.65000034,9.513915,9.369406
135,2.02107E+11,39.09,116.18,33.99,0.4079395,500,1.749999705,9.967766,9.656528
136,2.02107E+11,39.09,116.42,24.15,0.44895645,1000,2.150000073,8.111204,8.87603
137,2.02107E+11,39.26,116.91,29.39,0.7141777,875,4.00000019,8.882693,8.922205
138,2.02107E+11,39.57,117.39,26.05,2.064496,1250,1.269999775,10.724374,9.748182
139,2.02107E+11,39.56,117.52,20.89,2.2493575,1250,1.960000256,10.663618,10.904952
140,2.02107E+11,39.31,117.55,20.22,1.08524364,375,2.139999764,11.927524,11.524894
141,2.02107E+11,38.93,117.54,23.83,0,0,0.670000794,13.445974,16.067284
142,2.02107E+11,38.94,117.64,23.49,0,0,0.710000051,12.059648,15.500294
143,2.02107E+11,39.18,116.53,28.61,1.01604484,125,1.539999968,6.144491,13.106579
144,2.02107E+11,38.42,115.63,29.99,0.48371596,3875,2.839999506,9.217177,17.447031
145,2.02107E+11,36.71,114.95,25.32,2.9675322,2500,5.680000409,16.65133,19.071978
146,2.02107E+11,36.63,115.11,26.88,2.607839,500,7.949998602,16.83988,20.04875
147,2.02107E+11,36.71,115.11,26.08,2.7022453,500,4.780000541,16.316507,18.696428
148,2.02107E+11,36.81,115.17,34.02,3.094564,500,5.200000014,16.068384,18.377026
149,2.02107E+11,36.81,115.21,32.61,2.8991938,500,5.630000029,15.97796,18.332811
150,2.02107E+11,36.83,115.27,30.41,2.5684424,2875,3.810001304,16.69763,19.140654
151,2.02107E+11,36.86,115.4,30.87,2.278608,3250,2.540000482,15.910686,19.7356
152,2.02107E+11,36.79,114.86,37.75,3.955978,875,5.200000014,14.948619,19.012571
153,2.02107E+11,36.85,114.87,32.88,4.2505882,875,4.650000017,14.287126,19.263023
154,2.02107E+11,36.84,114.88,29.53,4.1555922,1125,5.869999528,13.56026,18.515852
155,2.02107E+11,36.86,114.9,23.05,4.3792097,1125,5.080000032,13.47833,18.25471
156,2.02107E+11,36.85,114.86,37.95,4.2114654,1125,4.650000483,12.940525,17.305075
157,2.02107E+11,36.93,115.02,28.71,3.5787543,500,5.78000024,16.269733,18.704433
158,2.02107E+11,36.95,115.04,30.53,3.4037264,500,4.990000278,16.284534,18.475801
159,2.02107E+11,37.11,115.59,27.62,1.8009605,1625,3.759999992,16.62152,23.10215
160,2.02107E+11,38.75,116.47,26.93,0.33838587,0,1.209999784,13.3867655,17.558756
161,2.02107E+11,38.85,116.36,25.82,0,0,1.000000164,12.81859,17.42113
162,2.02107E+11,38.99,115.98,27.08,0.012005684,0,2.469999483,12.294387,17.266548
163,2.02107E+11,39.13,116.14,22.56,0.12560472,1875,1.910000574,12.658026,19.098417
164,2.02107E+11,37.19,116.28,22.65,1.0145326,3875,2.089999616,12.529808,18.253412
165,2.02107E+11,39.07,116.6,23.08,0.80848724,2250,1.429999829,14.168134,20.854963
166,2.02107E+11,39.22,116.42,29.23,0.55615143,1875,1.839999924,12.24667,18.294188
167,2.02107E+11,37.56,114.95,23.55,5.499104,1750,2.530000173,11.587876,16.800188
168,2.02107E+11,39.35,116.41,24.78,0.6774468,2250,2.14999984,12.055993,17.206116
169,2.02107E+11,38.15,115.31,24.48,5.9993943,1375,3.100000089,14.731224,20.003572
170,2.02107E+11,38.16,115.33,21.91,6.638027,1375,2.749999985,14.948733,18.686958
171,2.02107E+11,39.39,117.15,23.59,0.69960646,0,2.229999751,13.049779,21.258478
172,2.02107E+11,39.43,117.4,21.54,1.14840484,3875,1.180000254,15.004702,23.06239
173,2.02107E+11,38.51,116.91,29.93,2.3651402,1875,2.1100007,14.017415,16.883184
174,2.02107E+11,38.42,117.6,24.46,4.3237067,250,3.060000017,10.294669,16.659851
175,2.02107E+11,37.99,117.35,26.79,0.990471,250,2.029999392,7.4657245,13.991999
176,2.02107E+11,37.96,117.33,25.69,0.57129353,250,2.039999468,6.971556,13.740232
177,2.02107E+11,38.09,117.61,25.78,0.9443116,250,1.970000798,6.127008,12.04207
178,2.02107E+11,39.46,116.94,25.85,1.3942363,750,2.220000373,7.687997,10.017728
179,2.02107E+11,38.55,115.87,20.93,1.18121214,2875,2.710000146,5.555925,10.078839
180,2.02107E+11,38.63,115.94,34.24,1.2555883,2000,2.460000105,5.8392324,9.528102
181,2.02107E+11,38.69,115.98,23.7,1.3805255,2000,2.570000011,6.143743,9.256669
182,2.02107E+11,38.72,116.14,20.49,1.4378922,2000,2.929999726,6.2123895,9.077751
183,2.02107E+11,39,116.68,22.22,1.3831333,2250,1.790000242,7.0554943,11.671406
184,2.02107E+11,39.01,117.51,27.17,1.593781,0,2.280000132,5.6041584,9.346738
185,2.02107E+11,39.19,117.64,26.04,1.5269435,125,2.849999582,6.7027187,10.102673
186,2.02107E+11,39.42,117.82,27.97,1.01556274,250,2.270000055,7.4571958,11.171909
187,2.02107E+11,39.45,117.75,23.4,1.0719994,250,2.849999815,7.702867,10.972947
188,2.02107E+11,39.49,117.94,23.06,0.85786814,1375,2.320000203,8.2004795,11.701625
189,2.02107E+11,38.59,116.84,22.35,1.16596195,3125,1.240000012,2.935671,9.855226
190,2.02107E+11,37.96,117.12,30.86,0.32011114,1625,0.869999931,2.405237,7.662683
191,2.02107E+11,37.65,116.3,27.85,0.3707573,3750,2.059999853,3.6825871,8.887554
192,2.02107E+11,37.82,116.63,20.17,0.3845569,875,2.180000301,4.0905657,8.275066
193,2.02107E+11,37.98,116.89,46.15,0.26077312,3875,1.620000345,4.77612,7.8386946
194,2.02107E+11,38.03,116.96,21.91,0.2241272,3875,1.629999955,5.213424,7.9147983
195,2.02107E+11,38.03,117.09,21.15,0.25283363,3875,1.250000088,6.813182,8.76795
196,2.02107E+11,37.58,116.26,23.72,0.50221443,3250,1.720000058,4.477308,10.628417
197,2.02107E+11,37.86,117.41,23.4,0.21586742,3500,2.210000064,7.6098237,8.856793
198,2.02107E+11,37.78,117.39,29.88,0.066232,3875,1.429999946,6.5903597,9.920014
199,2.02107E+11,37.82,117.39,33.84,0.18360017,3875,1.290001208,6.196594,9.907786
200,2.02107E+11,39.47,117.28,23.46,1.1556267,2875,2.990000183,4.1491275,9.218263
201,2.02107E+11,39.45,117.39,31.98,1.1278347,2875,3.090000246,4.7631917,10.184739
202,2.02107E+11,38.54,116.81,35.46,1.2154663,375,1.909999875,5.207986,10.05726
203,2.02107E+11,38.52,116.9,36.75,1.4654797,375,2.060000319,6.6597667,10.92504
204,2.02107E+11,38.58,117.08,25.77,1.4431658,375,2.539999783,7.1299496,10.607845
205,2.02107E+11,39.03,117.22,33.49,1.5626558,375,1.890000189,5.874585,8.220255
206,2.02107E+11,39.1,117.37,27.47,1.6510049,750,2.030000323,4.5546217,7.089894
207,2.02107E+11,38.34,116.73,24.38,1.0217468,375,2.290000208,5.5230737,10.694991
208,2.02107E+11,37.86,116.03,20.78,0.22340962,3500,1.390000107,4.273098,11.147647
209,2.02107E+11,37.97,117.49,20.23,0.44875585,3875,0.48000025,3.8933935,9.746772
210,2.02107E+11,38.23,116.67,21.12,0.6400216,375,1.089999918,5.309105,9.6906595
211,2.02107E+11,38.15,117.11,23.14,0.9514602,3875,1.079999958,5.2503014,8.729643
212,2.02107E+11,38.14,116.97,26.56,0.54195443,500,0.88999985,5.5557694,9.757673
213,2.02107E+11,38.18,117.08,24,0.990691,3875,0.810000056,6.725632,8.452697
214,2.02107E+11,38.04,115.94,20.23,0.3766328,375,0.870000047,6.292493,11.441563
215,2.02107E+11,37.97,116.12,20.44,1.1573859,3875,0.909999711,5.0656004,9.686843
216,2.02107E+11,37.91,117.31,29.71,0.9933645,3875,1.559999888,5.8099556,9.322432
217,2.02107E+11,37.97,117.38,21.22,0.9531346,3125,0.910000061,6.336861,7.816364
218,2.02107E+11,38.47,116.86,25.81,0.9059218,500,0.520000001,5.762159,6.968408
219,2.02107E+11,37.86,116.64,20.5,0.29612676,3875,0.200000286,7.860169,7.747617
220,2.02107E+11,37.96,116.57,29.54,0.13041549,0,1.839999692,6.908083,7.293891
221,2.02107E+11,37.96,116.56,25.87,0.22447823,0,1.12999964,6.7577567,6.8533297
222,2.02107E+11,38.02,116.65,28.18,0.40520812,0,1.22999982,6.375903,8.481156
223,2.02107E+11,37.95,116.52,22.86,0.15857799,125,0.820000074,5.7367315,7.18217
224,2.02107E+11,37.85,116.6,22.2,0.058689843,125,0.809999998,5.5360994,7.785355
225,2.02107E+11,37.84,116.7,27.1,0.026264452,3875,0.900000217,5.8038206,8.40715
226,2.02107E+11,37.85,116.66,30.33,0.12661938,3875,0.660000078,6.0089293,7.6108418
227,2.02107E+11,37.86,116.6,25.39,0.09572163,3875,1.200000057,6.865911,8.562531
228,2.02107E+11,38.46,117.66,21.67,1.2354075,750,1.139999949,7.5232835,12.437162
229,2.02107E+11,38.66,117.17,20.95,0.9390494,3875,1.179999788,3.175069,6.2449164
230,2.02107E+11,36.64,115.16,29.61,0.7874966,375,1.279999968,3.5632968,5.8101525
231,2.02107E+11,36.56,115.1,21.96,0.7601173,1625,1.149999909,2.713536,5.9809923
232,2.02107E+11,37.63,116.43,21.71,0.5610046,2875,0.989999971,1.9721138,5.0739446
233,2.02107E+11,37.52,116.26,27.32,0.52013427,2875,1.340000192,2.6935606,6.059554
234,2.02107E+11,37.45,115.62,20.29,0.6713321,3750,1.979999943,3.1240778,7.2647777
235,2.02107E+11,36.4,115.17,21.22,0.8589368,375,1.809999812,3.4192574,4.608525
236,2.02107E+11,38.12,114.92,20.14,0.38637394,125,0.840000168,2.9160252,3.32005
237,2.02107E+11,38.58,116.64,24.93,0.19900468,125,1.769999741,3.7775009,7.3607693
238,2.02107E+11,38.54,115.53,20.7,0.41819374,500,1.31999969,6.1933975,7.085936
239,2.02107E+11,38.06,115.02,21.4,1.3269202,1125,3.090000246,5.592669,7.559513
240,2.02107E+11,38.13,114.93,20.9,1.2020138,1125,1.839999692,5.6383667,8.015658
241,2.02107E+11,38.12,116.13,21.85,0.34185796,125,0.940000173,2.244361,6.3709474
242,2.02107E+11,38.19,116.12,26.59,0.4793951,0,1.099999878,2.5142393,6.635526
243,2.02107E+11,38.19,116.11,23.86,0.32195516,375,1.459999825,2.6527815,6.641303
244,2.02107E+11,37.38,115,21.21,0.20494193,0,1.670000143,3.265537,8.409574
245,2.02107E+11,39.57,116.72,22.89,0.9731183,0,1.75000017,2.7414768,6.4475665
246,2.02107E+11,39.37,116.6,26.38,0.8698275,0,2.090000082,3.8744729,6.0916963
247,2.02107E+11,39.52,116.79,24.2,0.8772077,0,2.529999707,3.5658941,5.9620023
248,2.02107E+11,39.58,116.75,31.01,0.77735036,0,2.310000127,3.208012,5.4347963
249,2.02107E+11,39.43,116.55,25.49,0.75509815,0,2.190000145,3.625124,5.1519065
250,2.02107E+11,39.38,116.8,26.49,0.796771,125,1.600000076,3.5761187,5.196767
251,2.02107E+11,39.44,116.84,21.44,0.7195247,375,1.810000045,3.4623022,5.0982428
252,2.02107E+11,39.45,116.85,28.35,0.72782685,375,2.490000101,3.500988,4.9334674
253,2.02107E+11,39.42,116.91,24.46,0.57881254,375,1.450000214,3.6050074,4.7347064
254,2.02107E+11,38.16,116.01,25.72,0.072998732,125,1.379999914,4.867893,5.5213757
255,2.02107E+11,38.14,116.02,23.25,0.0995602,125,1.12000003,5.082696,5.5226903
256,2.02107E+11,36.4,114.92,21.19,0,0,1.889999839,6.583883,7.59289
257,2.02107E+11,36.4,114.92,33.66,0,0,2.300000284,7.256351,8.183768
258,2.02107E+11,36.42,114.93,25.5,0,0,2.309999894,6.7831492,8.010261
259,2.02107E+11,36.71,114.92,43.36,0.054392212,500,2.070000162,6.0424585,7.3856554
260,2.02107E+11,36.71,114.91,38.89,0.09593764,500,2.309999894,6.4437957,7.7885046
261,2.02107E+11,38.59,116.21,26.67,0.34326993,375,1.870000153,3.5742567,2.5190527
262,2.02107E+11,39.51,116.87,24.83,0.337132,750,1.470000017,4.507449,4.744221
263,2.02107E+11,39.52,116.87,21.12,0.32209024,750,1.040000236,4.3707232,4.6766996
264,2.02107E+11,39.17,117.2,21.86,0.45882487,125,0.36999982,2.7865593,4.0698576
265,2.02107E+11,39.25,117.21,34.7,0.48947953,0,1.109999837,3.005961,4.068374
266,2.02107E+11,38.68,115.98,23.61,0.22542343,0,0.92000002,2.58327,2.6005132
267,2.02107E+11,39.44,116.54,20.74,0.16704604,125,1.120000146,3.620169,4.2746286
268,2.02107E+11,38.28,115.31,21.11,0.32942018,125,1.150000026,3.0488555,3.088959
269,2.02107E+11,38.48,116.07,21.77,0.47133984,375,1.590000349,2.8643408,3.3414443
270,2.02107E+11,38.53,116.21,25.54,0.46229314,375,1.369999954,2.4310102,3.2475777
271,2.02107E+11,38.52,116.22,23.91,0.6215809,375,0.830000383,2.6825478,2.8095007
272,2.02107E+11,38.61,116.18,21.21,0.5615447,125,1.380000147,2.6709611,3.13297
273,2.02107E+11,38.44,115.49,20.27,0.437568,0,1.050000195,3.062445,3.7264473
274,2.02107E+11,37.49,115.17,21.53,0.007731174,125,0.379999925,3.8482363,3.6293943
275,2.02107E+11,36.73,115.14,21.96,0,0,2.549999626,6.5894737,14.609104
276,2.02107E+11,36.3,114.96,24.43,1.0293585,500,4.339999985,10.805461,16.02968
277,2.02107E+11,36.39,114.91,20.83,1.1108175,500,4.070000257,10.408673,16.242714
278,2.02107E+11,36.35,115.07,21.35,1.5481887,500,4.519999959,11.523572,16.907324
279,2.02107E+11,36.42,115.1,21.95,1.8794683,500,4.590000026,11.054026,16.786228
280,2.02107E+11,38.98,117.42,22.44,0.6990972,125,0.920000311,3.184215,6.377107
281,2.02107E+11,38.98,117.45,20.32,0.777335,0,0.79000002,3.4324446,6.0972934
282,2.02107E+11,39.17,117.65,28.1,0.41722542,0,1.159999869,3.83549,7.659477
283,2.02107E+11,36.59,115.24,28.01,1.3649397,500,3.990000114,9.3580675,15.41477
284,2.02107E+11,36.71,115.14,32.24,1.1931215,500,3.800000064,9.800657,16.208836
285,2.02107E+11,36.9,115.09,20.28,0.99994984,500,3.120000474,11.6682825,14.412739
286,2.02107E+11,38.55,115.56,20.28,0.7460824,3875,1.919999951,5.7167206,12.409481
287,2.02107E+11,38.89,117.15,20.46,0.14458162,3875,0.23000002,3.3697152,6.0647597
288,2.02107E+11,39.25,117.19,20.4,0.4995872,750,1.220000209,3.83311,7.9485445
289,2.02107E+11,39.1,116.46,35.57,0.68735775,0,2.98999995,3.5740502,8.472682
290,2.02107E+11,39.09,116.44,25.31,0.70338334,0,2.329999814,3.6311889,8.312762
291,2.02107E+11,38.99,116.36,21.81,0.5900428,0,1.320000156,3.9439745,9.208476
292,2.02107E+11,39.01,116.34,46.8,0.52409243,125,1.180000138,4.3675313,9.403191
293,2.02107E+11,39.01,116.36,31.84,0.4483006,375,2.22000014,4.7471485,9.406149
294,2.02107E+11,39,116.36,26.96,0.37555263,375,0.989999971,5.1305265,9.391738
295,2.02107E+11,38.91,116.09,27.04,0.26650205,125,1.469999901,5.5655026,9.4920635
296,2.02107E+11,38.87,116.11,23.43,0.07705721,375,1.37000042,5.2768416,9.040678
297,2.02107E+11,38.87,116.33,43.6,0.036252447,375,1.219999744,4.5451636,8.151864
298,2.02107E+11,38.8,116.07,23.66,0,0,1.090000267,5.3828545,9.206709
299,2.02107E+11,38.7,115.87,21.21,0.033378387,125,0.730000029,4.386257,8.947429
300,2.02107E+11,38.58,115.72,22.03,0,0,1.419999753,4.011355,7.35703
301,2.02107E+11,38.51,115.49,28.75,0,0,1.270000008,4.3104787,8.419706
302,2.02107E+11,37.21,115.87,24.7,0.25833491,3500,1.029999694,4.7800493,7.6450887
303,2.02107E+11,36.87,115,21.42,1.21034675,3500,0.970000518,11.200356,10.15723
304,2.02107E+11,38.37,116.6,22.24,1.4016511,500,2.230000449,9.178074,14.996154
305,2.02107E+11,38.28,116.61,21.98,1.7084063,500,1.789999777,11.520877,15.992803
306,2.02107E+11,38.51,116.91,22.43,1.17399024,3125,1.730000018,10.55312,14.245923
307,2.02107E+11,38.72,117.22,20.35,0.671826,3875,1.040000468,10.543704,15.56078
308,2.02107E+11,38.12,116.37,24.97,1.1020834,3875,2.570000244,9.373712,15.545083
309,2.02107E+11,38.09,116.39,23.8,1.0257281,3875,3.44000035,10.747179,16.648718
310,2.02107E+11,38.05,116.44,27.51,0.95469695,3875,3.349999664,10.447469,16.88763
311,2.02107E+11,38,116.39,26.2,1.4040971,3750,2.490000334,9.500355,15.862228
312,2.02107E+11,37.95,116.65,21.29,1.1086532,3500,2.719999989,9.548027,15.148615
313,2.02107E+11,37.81,116.33,26.11,1.1955673,3500,1.180000021,9.904826,16.46574
314,2.02107E+11,39.07,117.74,27.67,1.0947494,2375,0.500000257,8.198343,9.920117
315,2.02107E+11,37.87,115.82,27.62,1.5639367,2000,0.850000128,6.407611,13.295609
316,2.02107E+11,39.16,117.75,21.56,1.3915167,3875,1.090000034,6.286254,10.114273
317,2.02107E+11,37.8,115.88,25.95,1.5385865,2000,1.21000025,7.7560854,14.955084
318,2.02107E+11,37.73,115.94,32.86,1.3968712,2000,1.329999999,8.857571,15.797476
319,2.02107E+11,37.73,115.7,31.27,0.8585935,1750,1.180000021,8.247016,13.851171
320,2.02108E+11,39.32,118.54,27.67,1.5254389,2000,1.190000097,7.3700457,9.989079
321,2.02108E+11,39.44,118.02,31.91,1.052066,2000,0.690000306,5.5970674,10.5256405
322,2.02108E+11,37.45,115.65,22.15,0.8014312,1250,1.510000089,9.0459795,11.417814
323,2.02108E+11,39.26,117.84,24.07,0.2298908,3875,0.569999916,4.9135356,9.003079
324,2.02108E+11,38.79,117.64,21.1,0,0,0.620000006,5.5300627,9.122272
325,2.02108E+11,39.18,117.53,20.36,0.5522588,0,0.219999987,4.829107,8.51262
326,2.02108E+11,39.16,117.54,21.98,0.39628485,0,0.310000003,4.936522,8.59803
327,2.02108E+11,39.27,118.81,25.82,0.73868294,250,1.870000036,5.248236,10.5136
328,2.02108E+11,37.83,117.09,20.55,0.1898345,3500,1.380000031,3.479078,8.262812
329,2.02108E+11,39.29,118.94,20.41,0.7246248,750,1.679999987,5.8173175,10.018234
330,2.02108E+11,38.81,116.2,20.53,0.6726168,375,2.520000096,3.449841,10.485447
331,2.02108E+11,38.75,116.06,20.1,0.84191975,125,2.390000271,3.8726275,10.650691
332,2.02108E+11,39.01,116.12,20.17,0.8915667,1375,1.49000017,5.2506313,12.215583
333,2.02108E+11,39.14,116.7,24.13,0.49936345,375,3.200000152,4.087533,10.077959
334,2.02108E+11,38.63,116.37,26.55,0.20152,2125,0.879999658,7.4052753,8.729657
335,2.02108E+11,38.63,116.48,23.8,0.2167779,2125,0.610000279,6.9305162,7.857622
336,2.02108E+11,39.24,118.21,20.01,0.24103238,750,1.770000206,5.1441326,8.473497
337,2.02108E+11,38.97,118.46,21.12,0,0,0.360000122,7.5156903,9.474438
338,2.02108E+11,38.2,115.92,27.47,0.38577215,125,1.799999736,7.7461047,13.394551
339,2.02108E+11,39.32,117.91,20.84,2.2020061,3000,1.349999919,6.0552745,12.053705
340,2.02108E+11,39.32,116.88,23.44,0.31368003,0,0.419999851,4.6597457,11.631405
341,2.02108E+11,39.28,116.94,22.37,0.09915898,1625,0.480000745,4.5365095,12.286757
342,2.02108E+11,39.05,118.22,29.95,2.6310788,3500,1.589999651,10.050101,16.31738
343,2.02108E+11,39.5,117,22.92,0.27400178,1750,0.52000006,3.7613232,11.20659
344,2.02108E+11,39.19,116.91,22.91,0.27308746,3875,0.47999958,4.989986,9.6292305
345,2.02108E+11,39.47,116.93,23.3,0.36134796,3875,0.690000015,3.376614,8.021978
346,2.02108E+11,39.34,118.97,20.75,1.2419774,3875,0.65000006,3.9098856,4.2718053
347,2.02108E+11,39.11,117.12,21.26,0.65316155,2250,0.460000039,4.0513945,8.861114
348,2.02108E+11,39.31,116.77,21.7,1.0300296,1000,1.58000004,4.6681604,7.5896335
349,2.02108E+11,39.16,116.66,31.66,0.6921955,1000,1.289999927,6.6915946,8.096492
350,2.02108E+11,36.46,115.02,20.41,0,0,1.369999722,5.298082,7.0201273
351,2.02108E+11,37.06,115.4,21.18,0.000976029,3875,2.199999988,6.261513,8.292679
352,2.02108E+11,37.5,115.09,25.62,0.18917095,1625,2.450000262,5.4286323,10.593351
353,2.02108E+11,37.25,115.49,22.23,0.0792755,1500,2.199999988,6.572515,9.252652
354,2.02108E+11,37.55,115.01,22.68,0.39004284,1625,2.469999716,5.435061,9.752623
355,2.02108E+11,37.19,115.93,22.68,0,0,1.620000112,4.6284676,7.2298136
356,2.02108E+11,37.74,115.66,23.08,0,0,1.470000017,5.059104,8.494235
357,2.02108E+11,37.75,115.66,28.15,0,0,1.470000017,4.8717737,8.6085615
358,2.02108E+11,37.67,115.07,25.37,0.8800432,375,3.099999623,6.5250683,9.553697
359,2.02108E+11,37.45,115.37,25.78,0.44065044,375,2.069999697,5.7000127,8.133579
360,2.02108E+11,36.57,114.9,27.82,0,0,0.739999756,7.7464314,8.120065
361,2.02108E+11,39.41,118.33,21.44,1.5485975,250,1.420000335,5.33276,6.165211
362,2.02108E+11,39.22,116.64,20.29,0.22362177,375,1.56000047,5.7098155,8.889786
363,2.02108E+11,37.8,114.98,20.52,0.99559424,3625,0.960000034,2.9068754,3.9465475
364,2.02108E+11,37.94,115.14,20.27,0.8003741,3500,1.459999941,3.7148511,4.008437
365,2.02108E+11,38.62,115.89,26.16,0.36490877,375,1.909999992,4.4779887,3.6609638
366,2.02108E+11,38.65,115.93,30.03,0.5453069,125,2.129999921,4.1430163,4.5032125
367,2.02108E+11,38.55,115.87,32.17,0.6421434,375,1.909999759,4.2033205,4.52569
368,2.02108E+11,37.81,115.46,35.14,1.0079279,3500,1.760000014,3.940317,5.6200633
369,2.02108E+11,39.28,116.59,22.57,0.23004513,375,0.689999899,1.5989724,6.959638
370,2.02108E+11,37.75,115.67,24.22,1.0079124,3875,1.309999847,3.3696303,5.8586063
371,2.02108E+11,38.34,115.86,22.7,0.14978973,375,1.10000011,4.5725327,3.7962692
372,2.02108E+11,38.38,116.12,26.27,0.39650866,375,1.379999798,4.4189563,4.62079
373,2.02108E+11,37.88,115.86,22.6,0.8809266,3875,1.30000012,4.107016,6.349448
374,2.02108E+11,38.28,116.3,26.87,0.24456998,750,1.120000379,4.818493,4.943555
375,2.02108E+11,38.74,116.37,20.65,0.82776896,375,1.049999963,4.0766053,5.278491
376,2.02108E+11,37.98,116.12,47.85,0.763138,3875,0.959999801,4.729512,6.1972027
377,2.02108E+11,38.05,116.48,24.4,0.75030664,3875,1.569999615,4.4472194,5.681174
378,2.02108E+11,38.03,116.46,20.7,0.91319016,3875,1.660000067,4.7125525,5.786125
379,2.02108E+11,38.05,116.64,20.13,0.75384436,3875,1.860000077,4.418546,5.6678424
380,2.02108E+11,37.79,116.6,21.76,1.4924078,3875,1.270000008,3.835676,6.1748447
381,2.02108E+11,37.8,116.61,31.11,1.2898228,3500,1.270000241,4.480397,6.450401
382,2.02108E+11,39.66,116.79,22.65,0.4682536,2625,1.859999844,5.701243,6.946747
383,2.02108E+11,39.36,117.79,20.2,0.15541067,2875,1.180000021,3.80708,8.51974
384,2.02108E+11,39.33,117.8,20.15,0.1525597,2875,1.360000111,3.7814713,8.581738
385,2.02108E+11,39.48,117.72,23.91,0.3998496,1375,1.840000041,3.12363,7.8371954
386,2.02108E+11,39.1,117.43,24.11,0.33669996,3875,0.989999971,4.6689553,11.228866
387,2.02108E+11,38.71,117.43,26.18,0.43720156,3875,1.689999597,6.099946,9.413977
388,2.02108E+11,38.67,117.52,25.57,0.34512945,3875,0.920000079,5.6617208,9.281125
389,2.02108E+11,39.32,116.88,28.92,0,0,0.989999855,3.0716193,6.262839
390,2.02108E+11,39.07,117.18,20.48,0,0,1.549999812,5.014932,8.018983
391,2.02108E+11,38.81,117.17,21.3,0.28202614,1125,1.670000027,4.7585387,8.478613
392,2.02108E+11,38.46,117.38,20.71,0.40005787,1250,1.330000116,3.9202254,7.1808023
393,2.02108E+11,38.69,116.9,27.04,0.8292157,3875,1.12000003,5.2227488,10.00219
394,2.02108E+11,38.33,117.28,20.02,1.02664635,2625,0.239999776,8.581255,11.871722
395,2.02108E+11,36.63,115.15,22.59,2.882539,500,4.239999689,7.5640383,12.113665
396,2.02108E+11,36.87,115,36.01,2.8782763,500,4.590000026,6.438623,11.718847
397,2.02108E+11,36.51,115.16,20.72,2.8757146,500,4.250000231,8.120045,11.751601
398,2.02108E+11,36.48,115.23,24.47,2.6727596,500,4.499999806,8.0886345,11.47699
399,2.02108E+11,38.93,117.88,30.14,1.3360094,500,0.500000257,1.9588841,3.6560097
400,2.02108E+11,39.04,117.14,20.75,0,0,0.350000162,4.1861224,6.1820316
401,2.02108E+11,39.1,117.12,25.21,0,0,0.430000189,4.010921,5.991678
402,2.02108E+11,39.42,117.95,33.96,0.074530317,250,0.740000221,3.084564,5.0502257
403,2.02108E+11,39.49,117.96,28.01,0,0,0.630000199,3.661269,5.4993763
404,2.02108E+11,39.49,117.96,23.39,0,0,0.660000078,4.3040586,5.922783
405,2.02108E+11,38.76,116.39,25.42,0,0,0.249999866,2.661375,4.1157403
406,2.02108E+11,38.61,116.29,22.55,0.19274334,3500,0.739999989,4.70219,4.4982195
407,2.02108E+11,39.4,117,23.3,0,0,0.729999971,2.7199743,5.866929
408,2.02108E+11,38.6,116.09,20.61,0.2374252,2625,0.719999953,4.3106875,5.009148
409,2.02108E+11,38.87,116.23,29.3,0.2062189,3875,0.930000038,5.75199,6.11653
410,2.02108E+11,38.79,116.04,28.55,0.10745725,3375,0.739999989,5.363078,6.096812
411,2.02108E+11,38.93,116.15,20.28,0.04435786,3750,0.650000235,6.0531087,6.5827165
412,2.02108E+11,39.01,116.11,23.19,0.10225301,375,1.079999958,6.1668367,6.593064
413,2.02108E+11,37.46,115.95,30.5,0.2626249,3875,0.690000306,5.2488356,4.612777
414,2.02108E+11,39.21,117.96,25.8,0.4388334,125,0.400000106,5.0056252,11.666204
415,2.02108E+11,38.75,117.67,31.6,0.6441032,3875,1.950000296,5.1410356,12.322311
416,2.02108E+11,39.22,117.94,28.88,0.4035994,125,0.509999983,5.295711,12.807753
417,2.02108E+11,39.05,118.25,22.29,0.9896029,250,1.249999856,5.79446,12.977619
418,2.02206E+11,39.2,118.34,29.72,0.7023379,2875,1.469999785,6.3364654,13.800346
419,2.02206E+11,39.04,118.7,22.53,1.02278085,3875,0.939999823,4.4245644,9.797139
420,2.02206E+11,39.07,118.41,23.45,0.4209792,750,0.520000001,3.783027,8.79441
421,2.02206E+11,39.24,117.93,20.01,0.41621082,0,0.130000117,7.0141745,13.557798
422,2.02206E+11,39.62,117.02,21.16,0,0,1.40999991,6.27278,16.23146
423,2.02206E+11,38.52,116.78,21.31,0,0,0.910000061,5.5204053,15.892484
424,2.02206E+11,38.74,115.91,24.84,0.7804753,375,4.38000029,8.456922,16.324038
425,2.02206E+11,38.92,116,20.59,0.52855597,125,2.799999202,6.7628384,14.783209
426,2.02206E+11,38.88,116.16,21.86,0.41394625,125,2.140000928,5.660954,14.518513
427,2.02206E+11,38.99,116.2,28.32,0.28843413,3875,1.340000192,5.79015,14.269476
428,2.02206E+11,39.1,116.29,26.49,1.7450597,3875,1.919999951,7.496215,15.420361
429,2.02206E+11,39.63,116.68,22.88,1.0195325,2500,2.309999894,9.405969,15.822398
430,2.02206E+11,39.5,116.66,21.37,1.1667064,3000,2.460000571,10.040888,16.733103
431,2.02206E+11,38.63,117.19,23.41,0,0,2.369999886,17.176107,19.54523
432,2.02206E+11,38.7,117.52,22.27,1.222827,375,2.249999437,13.653314,19.113714
433,2.02206E+11,38.39,117.98,28.04,1.8286369,375,1.919999835,17.528692,18.277287
434,2.02206E+11,38.91,118.42,21.52,0,0,0.960000267,16.701633,18.126024
435,2.02206E+11,38.94,118.47,22.74,0,0,0.880000065,17.053715,18.535559
436,2.02206E+11,38.9,118.48,21.29,0,0,0.720000768,16.718702,18.083698
437,2.02206E+11,38.9,118.49,20.07,0,0,0.789999962,17.697254,19.572054
438,2.02206E+11,38.86,118.54,20.11,0,0,0.679999823,17.132511,18.662998
439,2.02206E+11,37.74,115.5,20.79,0.46528683,375,1.300000236,7.791141,8.799271
440,2.02206E+11,37.46,115.64,22.24,1.16926814,250,1.960000023,8.389492,8.280954
441,2.02206E+11,37.02,115.58,25.58,2.238386,250,2.320000669,7.7100787,8.00139
442,2.02206E+11,37.59,116.06,24.29,0.6916786,375,0.710000517,8.636608,11.846717
443,2.02206E+11,37.69,116.28,20.91,0.733197,375,0.620000297,9.6200285,12.942467
444,2.02206E+11,39.09,117.18,30.86,0.58299833,3375,0.229999961,2.4144518,5.8211713
445,2.02206E+11,39.26,118.56,20.46,0.9730528,1125,0.449999847,6.4806275,8.916769
446,2.02206E+11,39.63,116.78,23.57,0.8329925,2500,1.030000392,4.014424,8.2628765
447,2.02206E+11,38.51,115.52,21.24,0.376629,250,0.289999734,3.5644257,12.285902
448,2.02206E+11,37.93,117.12,20.26,1.6335674,125,0.919999846,7.1696706,13.303061
449,2.02206E+11,38.62,117.06,26.44,1.16164505,875,3.269999987,7.8157997,10.365731
450,2.02206E+11,38.4,117.28,20.05,0.60243045,1000,1.340000192,8.731104,10.744874
451,2.02206E+11,38.22,117.63,20.35,1.2786273,375,1.780000166,10.093451,12.653157
452,2.02206E+11,39.51,116.75,23.3,0.71971765,1875,0.319999701,2.1376655,4.330305
453,2.02206E+11,37.67,115.41,22.15,0.36385558,250,1.069999882,3.4805477,3.4650853
454,2.02206E+11,37.66,115.42,20.24,0.33332817,3625,0.789999845,3.7233016,3.7693686
455,2.02206E+11,38.35,117.29,20.22,1.19638906,250,1.460000291,6.49471,8.2042055
456,2.02206E+11,38.08,115.24,22.03,0.65370936,250,2.139999997,5.95511,6.018485
457,2.02206E+11,38.12,114.97,23,0.59214533,250,2.039999934,5.8504386,6.904109
458,2.02206E+11,38.18,116.2,27.7,1.2031211,625,2.129999688,7.1491575,7.4092326
459,2.02206E+11,38.19,116.2,27.42,1.3426527,375,2.549999626,7.8203015,7.5810685
460,2.02206E+11,38.39,116.33,28.6,1.0555766,250,1.479999977,10.142681,7.623442
461,2.02206E+11,38.39,116.3,25.63,1.0422129,250,1.619999413,10.912963,8.111277
462,2.02206E+11,38.42,116.26,22.39,0.9623973,375,2.229999984,11.087292,8.627053
463,2.02206E+11,37.55,116.47,25.07,1.0619265,2125,0.809999474,5.3393717,6.2487698
464,2.02206E+11,37.63,116.41,25.01,1.1200301,2125,0.620000355,6.0795207,7.5565696
465,2.02206E+11,37.59,115.65,20.43,1.20678975,250,1.01000024,7.2912617,4.767488
466,2.02206E+11,38.31,116.96,43.04,1.4598086,1875,0.590000127,9.92817,7.5246797
467,2.02206E+11,37.56,116.15,33.83,1.0387986,250,0.789999962,5.8253026,6.297501
468,2.02206E+11,37.57,116.16,28.99,1.0841249,250,0.559999957,5.948294,5.3141036
469,2.02206E+11,38.29,117,25.57,1.3748891,1875,0.479999289,7.0406814,5.4801397
470,2.02206E+11,38.33,117.1,23.54,1.1121755,250,0.449999992,5.974538,4.551297
471,2.02206E+11,38.08,117.13,22.43,0.9935689,1625,0.530000427,5.610318,3.6725585
472,2.02206E+11,37.82,116.69,28.19,0.6314147,1250,1.059999922,7.4128494,3.5738013
473,2.02206E+11,39.08,116.97,26.26,1.3768103,3875,0.3499999,5.387869,5.2212987
474,2.02206E+11,37.06,115.81,20.92,1.1727634,2500,0.919999613,4.359937,5.9756756
475,2.02206E+11,39.13,117.14,23.37,0.8316114,3875,0.300000189,5.5434794,5.4340878
476,2.02206E+11,36.96,115.75,26.76,1.2847847,250,0.780000235,4.151346,7.3082056
477,2.02206E+11,39.26,116.97,23.17,0.2816018,3875,0.400000223,6.7290564,6.381389
478,2.02206E+11,36.56,115,23.67,1.5754369,1375,1.659999834,8.141998,8.365599
479,2.02206E+11,36.64,115.16,28.22,1.2856294,1625,1.150000142,7.8772135,7.9939866
480,2.02206E+11,36.57,115.13,23.71,1.2916322,1625,1.350000151,8.1584425,9.029047
481,2.02206E+11,36.51,115.19,29.15,1.0103391,1625,1.309999963,9.119274,9.870807
482,2.02206E+11,36.37,115.15,26.07,1.0906677,1625,1.400000416,10.78214,10.559541
483,2.02206E+11,36.45,115.31,22.09,1.13849004,1375,1.12000003,9.760034,9.14143
484,2.02206E+11,36.36,115.3,27.13,0.9350566,1625,0.880000356,10.787252,9.456498
485,2.02206E+11,39.47,116.78,20.46,0.52216732,1750,1.12999964,7.90569,8.267429
486,2.02206E+11,37.99,116.83,27.68,0.7986613,125,0.920000137,2.796722,3.9957864
487,2.02206E+11,38,116.79,22.08,0.88427536,125,0.939999765,2.5941827,3.9936745
488,2.02206E+11,38,116.8,21.94,0.84890635,125,0.879999949,2.3903635,4.005635
489,2.02206E+11,39.33,116.43,32.02,1.01012694,250,1.439999789,8.025796,4.995018
490,2.02206E+11,39.37,116.53,32.49,0.6421666,250,1.430000295,7.7598476,4.228447
491,2.02206E+11,39.06,116.8,26.26,1.2546738,125,3.010000335,9.044094,4.513811
492,2.02206E+11,39.41,116.62,24.3,0.6303113,250,1.160000567,7.758694,3.4395993
493,2.02206E+11,39.13,116.95,34.78,0.875842,125,1.539999736,7.6101804,3.7974634
494,2.02206E+11,39.12,116.99,37.2,0.4565333,125,0.390000117,7.1906524,3.7934413
495,2.02206E+11,39.18,117.05,21.1,0.4305158,125,0.360000122,6.947315,4.138809
496,2.02206E+11,39.26,117.09,26.56,0.31982177,1125,0.470000261,6.783158,4.168778
497,2.02206E+11,39.25,117.09,28.49,0.37876238,1000,0.490000239,6.696206,4.6855345
498,2.02206E+11,37.97,115.01,27.65,0.68640096,2500,0.330000097,4.0734873,5.4481483
499,2.02206E+11,37.97,115.02,24.82,0.678855,2500,0.369999994,4.026663,5.287763
500,2.02206E+11,38.01,115.12,26.02,0.6859998,2500,0.290000084,3.6003492,5.3074846
501,2.02206E+11,38,115.35,22.62,0.5831141,2500,0.359999889,4.2799916,5.8985763
502,2.02206E+11,38.01,115.46,21.44,0.4814359,2500,0.430000306,4.311874,6.243443
503,2.02206E+11,37.97,115.53,26.09,0.53891825,2500,0.509999983,4.367903,6.4279757
504,2.02206E+11,38.09,115.46,26.9,0.35532965,2500,0.319999934,4.3127136,6.396429
505,2.02206E+11,38.01,115.55,26.85,0.49589133,2500,0.290000316,4.5837502,6.7359295
506,2.02206E+11,38.05,115.69,26.39,0.44424592,2500,0.299999956,4.505447,6.5044775
507,2.02206E+11,37.99,115.85,20.63,0.5470429,125,0.679999823,4.681422,6.8752356
508,2.02206E+11,37.99,115.92,25.24,0.4478415,125,0.809999881,5.415829,7.5506296
509,2.02206E+11,37.63,115.65,30.17,0.86273685,125,0.280000037,4.675449,7.499894
510,2.02206E+11,37.64,115.69,29.1,0.83209365,0,0.290000229,4.685913,7.320328
511,2.02206E+11,38.34,115.96,29.56,0.52761083,375,1.010000007,5.4285774,8.263048
512,2.02206E+11,38.07,116.16,32.72,1.02460166,250,3.369999817,6.2025137,8.213076
513,2.02206E+11,38.07,116.17,35.3,1.01329024,250,4.209999926,6.347353,8.628151
514,2.02206E+11,38.04,116.27,33.64,1.3660429,250,5.080000497,6.751287,9.502453
515,2.02206E+11,37.39,116.02,34.91,2.0121869,875,8.030000143,5.32592,10.280259
516,2.02206E+11,37.43,116.07,35.06,1.9952009,1000,6.520000286,5.20608,9.5018835
517,2.02206E+11,38.39,116.3,38.1,0.9742718,3875,1.379999681,7.342589,8.62928
518,2.02206E+11,38.16,116.45,41.54,1.00207944,500,4.250000231,6.6160083,9.511732
519,2.02206E+11,38.24,116.55,33.41,1.3093861,250,5.179999862,7.3800163,10.095123
520,2.02206E+11,38.26,116.65,40.66,1.5027892,250,6.200000178,8.596829,10.490189
521,2.02206E+11,38.27,116.75,30.63,1.4596968,250,5.190000404,8.457233,9.817223
522,2.02206E+11,38.33,116.72,33.98,0.97790224,250,1.680000219,8.246718,9.657995
523,2.02206E+11,38.13,116.83,28.96,0.86346976,250,3.090000246,7.812844,10.502734
524,2.02206E+11,38,116.88,23.14,0.7070252,250,2.110000001,6.8558455,10.694824
525,2.02206E+11,38.01,116.96,23.9,1.0855252,250,2.320000203,6.8181295,10.95546
526,2.02206E+11,38.02,116.98,25.4,1.18470736,250,2.850000281,7.432457,11.682996
527,2.02206E+11,38.03,117.05,26.98,1.2947687,250,2.680000151,7.8261924,11.261534
528,2.02206E+11,37.97,117.11,40.11,1.123456,250,1.900000032,8.087315,10.87603
529,2.02206E+11,37.88,117.18,35.32,1.4776476,250,1.710000332,7.41283,10.488453
530,2.02206E+11,37.88,117.33,37.99,1.3940089,250,2.309999894,7.008503,9.8901
531,2.02206E+11,37.81,117.42,25.53,1.6608117,250,2.909999806,6.999536,10.061665
532,2.02206E+11,37.98,117.32,20.18,0.65756336,3875,2.399999416,6.9035573,12.836593
533,2.02206E+11,37.93,117.51,26.25,0.9360711,250,0.679999823,6.1723475,11.3118305
534,2.02206E+11,37.95,114.91,22.15,0.9454034,2625,0.789999729,4.0917587,5.332594
535,2.02206E+11,39.27,118.24,22.59,1.4960881,1000,1.779999933,4.2785845,7.259089
536,2.02206E+11,38.36,117.17,20.35,0.12827052,500,1.350000151,4.081532,6.319287
537,2.02206E+11,38.41,117.14,21.04,0.23321249,1875,1.099999645,3.822488,5.6427784
538,2.02206E+11,37.9,116.9,27.7,0.44742486,625,1.080000191,3.699357,8.663855
539,2.02206E+11,37.9,116.9,28.09,0.46712703,750,1.090000034,3.5598857,8.358201
540,2.02206E+11,39.03,117.69,23.6,0.86117434,1125,0.779999711,4.5956273,7.474967
541,2.02206E+11,38.06,115.56,20.07,0.7139385,1125,0.389999856,3.677777,4.2405276
542,2.02206E+11,37.98,115.57,20.11,0.7180896,2875,0.440000062,3.751106,4.248004
543,2.02206E+11,36.4,115.17,36.67,0.20111878,125,0.529999961,3.0846303,5.1478524
544,2.02206E+11,38.82,117.01,21.31,0.46487792,3875,1.31000008,2.6623626,3.5555468
545,2.02206E+11,38.98,116.99,23.05,0.4336754,3000,0.939999998,2.695469,2.920362
546,2.02206E+11,38.28,117.25,21.25,0.35586203,2500,0.970000168,3.4107072,5.141296
547,2.02206E+11,38.54,116.19,20.02,0.47080357,3500,0.909999944,2.568068,3.2429135
548,2.02206E+11,38.24,116.71,20.31,0.4426025,875,1.760000247,3.762244,4.8544755
549,2.02206E+11,38.56,116.21,20.45,0.3396937,3500,1.090000151,2.7080379,3.5262742
550,2.02206E+11,38.54,116.02,31.93,0.35970836,375,3.420000663,3.5347595,3.351237
551,2.02206E+11,37.67,116.66,29.7,0.6484627,3500,1.600000425,4.0789185,5.318914
552,2.02206E+11,38.13,116.75,31.97,0.5416843,3875,1.779999817,4.00395,5.0557437
553,2.02206E+11,38.02,116.47,22.77,0.9557887,1125,1.740000211,4.425909,4.599681
554,2.02206E+11,38,116.29,29.15,1.1493924,1125,1.669999911,3.9583623,4.9659047
555,2.02206E+11,37.92,116,20.25,1.4278268,1000,2.089999849,4.26102,5.5715795
556,2.02206E+11,38.17,114.91,25.23,0.20714091,3125,0.560000422,5.8643627,5.0469337
557,2.02206E+11,39.5,116.84,21.25,0.7538868,3000,0.779999944,3.5596578,4.064985
558,2.02206E+11,39.41,116.93,20.42,0.945357,3000,0.429999898,2.949061,3.8290403
559,2.02206E+11,39.25,116.83,25.32,0.7449095,3000,0.739999814,2.5789592,3.6013663
560,2.02206E+11,39.3,116.85,20.53,0.68777445,3000,0.570000266,2.6110864,3.806326
561,2.02206E+11,39.26,116.71,25.29,0.7314455,2875,0.920000195,3.0820482,4.1383986
562,2.02206E+11,39.23,116.63,22.77,0.7395625,2500,0.829999568,2.8487563,4.0418563
563,2.02206E+11,39.2,117.84,22.95,0.6503838,1500,2.439999953,4.2950726,3.350231
564,2.02206E+11,39.48,116.7,26.44,0.59616916,3000,0.399999844,3.8480935,3.9031076
565,2.02207E+11,38.99,118.16,22.46,2.1855021,3500,1.579999924,3.8850603,4.3497267
566,2.02207E+11,38.99,118.16,23.16,1.10765395,250,2.809999976,3.519979,3.9291847
567,2.02207E+11,38.97,118.46,20.5,1.8107172,375,2.799999667,5.385532,5.5699553
568,2.02207E+11,38.35,117.34,24.39,0.51058603,250,1.289999927,3.5214465,6.39787
569,2.02207E+11,39.55,117.31,24.35,0.8168049,3875,0.820000016,3.3382895,4.08178
570,2.02207E+11,38.3,116.99,20.96,0.52688552,125,1.210000017,3.7244697,7.033037
571,2.02207E+11,38.29,116.99,26.91,0.5801049,125,1.23999978,3.8572462,7.249925
572,2.02207E+11,36.93,115.51,20.36,0,0,0.980000128,3.353393,3.3435147
573,2.02207E+11,37.05,115.47,24.77,0.030627664,0,0.760000141,3.4850059,3.390942
574,2.02207E+11,38.73,117.05,22.84,0.033625242,3875,0.609999872,5.9227195,9.3094015
575,2.02207E+11,37.73,114.99,23.61,0.5510474,125,1.339999959,6.7693563,4.935456
576,2.02207E+11,37.78,116.11,20.52,0.22616798,125,0.739999989,4.5139785,6.124808
577,2.02207E+11,37.59,115.62,30.32,0.5500096,1500,0.540000095,5.9653754,9.443774
578,2.02207E+11,37.67,115.61,24.55,0.5871147,1375,0.350000104,5.5982485,10.080377
579,2.02207E+11,37.96,115.67,21.23,0.33046563,1500,0.260000059,5.42289,10.448388
580,2.02207E+11,37.89,116.41,21.99,0.3474789,250,1.660000067,5.1381016,7.6116014
581,2.02207E+11,38.08,116.18,23.73,0.2662166,0,1.099999878,4.7601967,7.6191607
582,2.02207E+11,38.18,116.27,23.73,0.42431617,0,1.299999771,4.513139,7.841521
583,2.02207E+11,38.28,116.3,31.95,0.52348674,0,1.460000058,4.9248414,8.591647
584,2.02207E+11,38.94,117.35,30.24,1.151248,125,3.229999449,5.1989827,6.604367
585,2.02207E+11,38.4,116.29,29.48,0.36049143,0,1.420000102,5.1830244,7.680616
586,2.02207E+11,38.95,117.4,25.7,0.7301995,250,2.289999975,5.464259,6.4652305
587,2.02207E+11,38.86,117.37,23.51,0.8033602,250,1.760000014,5.0585318,5.8348355
588,2.02207E+11,39.09,116.98,29.05,0.90618036,250,1.440000022,4.6850333,8.399988
589,2.02207E+11,38.96,117.48,22.42,0.75335825,250,1.629999839,6.960526,7.1417503
590,2.02207E+11,38.95,117.5,23.78,0.68887,250,1.280000317,7.3731923,7.570693
591,2.02207E+11,39.07,117.08,27.63,1.02194754,250,1.430000062,6.6672897,8.465739
592,2.02207E+11,38.97,117.56,25.96,1.0048223,250,1.630000072,8.057215,8.609097
593,2.02207E+11,39.51,117.3,23.03,0.60273913,1375,2.350000432,4.9063683,7.7747273
594,2.02207E+11,39.43,117.26,26.03,0.5415455,1250,2.109999768,4.9176097,7.21715
595,2.02207E+11,39.55,117.49,26.77,0.56623972,750,1.660000067,6.1753526,6.8945646
596,2.02207E+11,36.69,114.91,23.9,1.0332972,875,1.099999878,2.738446,11.158437
597,2.02207E+11,36.8,115.02,21.21,0.8052429,1000,0.570000673,3.2558007,10.663462
598,2.02207E+11,37.36,115.44,27.17,0.24578918,3125,0.540000212,2.8009605,6.5321307
599,2.02207E+11,37.67,115.42,22.54,0.32490647,3000,0.5100001,3.1530259,6.423322
600,2.02207E+11,36.29,115.38,29.03,0.1311755,3875,0.2900002,7.7948213,7.3977947
601,2.02207E+11,37.99,115.84,22.66,0.59300182,1500,2.929999726,11.747549,9.136388
602,2.02207E+11,38.06,115.92,24.1,0.7848964,1500,3.929999657,12.02351,9.600064
603,2.02207E+11,38.94,116.13,23.78,0.6904055,3875,1.069999882,8.850762,10.283479
604,2.02207E+11,38.36,116.56,26.05,0.6018364,250,0.450000167,8.797007,9.922314
605,2.02207E+11,39.09,116.33,24.93,0.6130898,3875,0.830000266,8.075989,9.885334
606,2.02207E+11,39.16,116.65,25.22,0.43602096,3500,0.760000257,7.1912766,9.403385
607,2.02207E+11,39.2,116.71,29.6,0.37444544,1750,0.989999739,7.6317267,9.094481
608,2.02207E+11,38.15,116.82,27.12,0.53947766,375,1.19000033,5.7759914,9.593148
609,2.02207E+11,39.2,116.78,27.4,0.6433432,3875,0.659999845,7.224398,9.024122
610,2.02207E+11,39.17,116.56,21.26,0.7685699,3500,0.719999662,7.715908,9.572362
611,2.02207E+11,39.32,117.09,24.09,0.8712202,3875,0.940000056,6.9225793,9.636411
612,2.02207E+11,38.98,117.7,20.71,1.04714716,0,1.740000211,5.0561066,8.260392
613,2.02207E+11,37.5,115.24,26.23,0.6549168,125,2.949999878,6.326115,6.022019
614,2.02207E+11,39.06,116.11,28.58,0.27728483,250,1.070000115,3.4255214,3.2583222
615,2.02207E+11,37.68,115.04,30.09,1.0073839,250,2.730000066,7.377302,7.8794656
616,2.02207E+11,37.81,115.11,27.64,1.443625,375,3.539999947,7.6182275,8.318985
617,2.02207E+11,37.39,115.56,29.54,0.76845026,125,2.549999626,5.710959,7.6922417
618,2.02207E+11,38.19,115.62,21.92,0.870819,250,1.500000013,5.4954743,6.3890758
619,2.02207E+11,37.84,116.16,27.28,0.5953204,375,1.809999812,4.2931466,5.3497705
620,2.02207E+11,37.78,116.21,25.98,0.6424752,375,2.320000203,4.3529634,5.806013
621,2.02207E+11,38.33,115.8,27.28,0.6889201,250,2.469999716,5.0888925,6.3426156
622,2.02207E+11,38.37,115.37,20.08,0.6804097,250,2.05000001,4.9580817,9.610838
623,2.02207E+11,38.44,115.75,27.5,0.8708423,875,1.719999942,4.7794404,7.6473713
624,2.02207E+11,38.49,115.71,30.52,0.9201303,250,2.110000234,5.205195,8.845309
625,2.02207E+11,38.6,115.87,33.84,1.0263454,250,2.410000423,5.406361,8.542516
626,2.02207E+11,38.6,115.88,23.77,1.05616295,125,1.900000148,5.250477,8.716873
627,2.02207E+11,37.15,115.29,22.47,0.7560202,3875,1.890000072,5.4583344,9.4979515
628,2.02207E+11,37.17,115.32,23.97,0.82686616,3875,2.160000149,5.566702,9.607961
629,2.02207E+11,38.61,116.38,29.83,1.17715754,750,1.349999919,6.2678013,8.018824
630,2.02207E+11,37.54,115.58,26.83,0.88816785,375,1.40999991,4.981581,8.725818
631,2.02207E+11,38.52,116.51,22.57,1.4101654,250,2.059999853,7.504463,8.5888605
632,2.02207E+11,38.72,116.55,21.45,1.251954,375,2.379999729,7.435277,8.528368
633,2.02207E+11,38.47,116.91,22.87,2.0299834,250,2.029999858,9.108124,7.9985175
634,2.02207E+11,38.74,116.57,22.53,1.3097566,375,1.330000116,7.5675297,8.718309
635,2.02207E+11,38.03,117.17,27.79,1.0936769,250,2.009999938,5.621696,8.5226755
636,2.02207E+11,39.45,117.29,28.64,1.6374947,3875,1.309999963,5.1123075,7.475628
637,2.02207E+11,39.03,117.73,22.96,2.6216466,250,1.97999971,6.320256,7.8573375
638,2.02207E+11,38.51,115.66,20.53,0.23623319,3500,0.369999907,5.3991103,10.314817
639,2.02207E+11,37.3,114.99,20.11,0.42711315,2125,0.580000284,11.162508,12.950219
640,2.02207E+11,36.95,115.32,22.35,1.2923923,250,1.829999965,18.808462,13.942693
641,2.02207E+11,36.76,115.8,20.83,1.880622,3500,0.580000225,17.300097,11.687689
642,2.02207E+11,36.86,115.54,25.6,2.1038539,3000,0.750000007,18.631329,11.325978
643,2.02207E+11,37.59,115.64,23.46,1.1701091,625,1.01000024,15.333793,14.273871
644,2.02207E+11,37.14,115.71,24.42,1.6423054,3000,0.359999656,17.316013,13.62721
645,2.02207E+11,37.36,116.05,24.87,1.3604877,3500,0.629999849,15.185368,16.131235
646,2.02207E+11,37.68,115.85,24.7,1.2476719,625,1.319999923,10.922709,16.651058
647,2.02207E+11,37.68,115.85,26.72,1.3463561,500,1.180000021,10.057653,16.157646
648,2.02207E+11,37.49,116.48,22.69,0.9574862,3875,0.680000754,10.1894865,18.908283
649,2.02207E+11,37.84,117.37,21.11,0.90398134,250,1.530000009,9.456262,17.519997
650,2.02207E+11,37.9,116.2,27.8,1.7939278,1875,0.450000283,10.894111,19.440432
651,2.02207E+11,38.22,116.92,20.24,2.1135181,1750,1.009999774,6.426427,18.656261
652,2.02207E+11,38.1,116.02,20.06,0.3053277,875,0.290000433,3.3379972,2.2085383
653,2.02207E+11,38.07,117.46,21.92,0.9090776,500,1.200000057,3.4591093,4.9589405
654,2.02207E+11,38.53,117.62,20.03,0.4302535,375,0.260000117,2.278264,3.7805715
655,2.02207E+11,37.85,115.3,24.26,0.885614,3625,0.440000353,5.9670515,12.782961
656,2.02207E+11,38.8,116.06,22.18,0.68655914,375,0.460000068,4.012673,11.778446
657,2.02207E+11,37.44,115.65,24.71,0.11626095,3875,0.180000308,6.8466587,4.862222
658,2.02207E+11,38.26,115.59,20.03,0.54061955,500,0.420000317,6.035135,2.1781263
659,2.02207E+11,37.84,115.64,22.31,0.38115042,375,0.510000216,8.554351,3.5398095
660,2.02207E+11,37.32,115.55,24.41,0.36715403,500,0.400000106,9.985794,12.631869
661,2.02207E+11,37.14,115.86,23.47,0.19653562,500,0.320000167,9.784727,11.186196
662,2.02207E+11,37.51,115.77,20.73,0.57969995,625,0.670000212,7.9237347,7.8971195
663,2.02207E+11,37.43,115.77,21.02,0.90948255,625,0.719999778,8.768721,7.370035
664,2.02207E+11,37.45,115.81,27.59,0.93664974,625,0.750000239,8.937648,6.977506
665,2.02207E+11,37.55,115.89,20.72,1.0208402,750,0.79999998,8.991195,6.9426284
666,2.02207E+11,37.55,115.8,22.34,1.1485243,750,0.710000168,9.700974,7.231335
667,2.02207E+11,37.52,115.82,20.34,1.12450136,625,0.859999447,9.891704,7.5162654
668,2.02207E+11,37.58,115.64,35.07,1.5596929,1750,0.720000011,8.8259735,6.614048
669,2.02207E+11,37.53,115.77,26.6,1.2437753,2500,0.489999773,8.65566,6.0137095
670,2.02207E+11,37.51,115.77,41.4,1.3246789,2500,0.589999661,8.370478,5.9293804
671,2.02207E+11,39.18,117.35,20.53,0.9245168,375,0.539999921,2.6062958,6.3862863
672,2.02207E+11,39.23,117.19,20.97,0.7385479,375,0.589999894,3.539007,7.8559923
673,2.02207E+11,39.3,117.22,28.82,0.80976424,375,0.670000212,3.4014974,7.260794
674,2.02207E+11,39.18,117.23,31.18,0.534744,125,0.380000129,2.830609,10.203891
675,2.02207E+11,39.14,117.21,28.34,0.60150847,125,0.349999842,2.6375747,10.062346
676,2.02207E+11,39.2,117.17,25.09,0.48494272,125,0.340000057,2.5029738,9.789729
677,2.02207E+11,39.25,117.35,20.79,0.44200842,125,0.310000119,1.9053036,9.38184
678,2.02207E+11,39.25,117.35,23.77,0.38255854,125,0.309999887,1.8900847,9.416354
679,2.02207E+11,39.53,117.15,20.12,0.36163343,125,0.260000204,2.463426,8.989721
680,2.02207E+11,39.26,117.45,20.24,0.40513485,3500,0.250000128,2.0934765,9.672494
681,2.02207E+11,38.61,116.62,22.43,0.6579761,3500,0.289999967,3.1527722,2.1173
682,2.02207E+11,39.58,116.61,24.28,0.9797037,375,0.390000117,2.5012808,5.4729743
683,2.02207E+11,39.56,116.63,31.06,1.0407893,375,0.400000339,2.4652982,5.2168317
684,2.02207E+11,39.51,116.65,26.71,1.1129471,375,0.56000019,2.4448657,4.645851
685,2.02207E+11,39.5,116.61,23.82,1.0799236,375,0.549999706,2.4337566,4.4287286
686,2.02207E+11,39.19,116.95,25.64,0,0,0.180000192,3.0290842,3.0688295
687,2.02207E+11,39.18,116.94,20.93,0.017399007,0,0.210000158,3.1943498,3.2346663
688,2.02207E+11,39.21,116.7,21.9,0,0,0.290000055,3.5774229,3.4963179
689,2.02207E+11,39.19,116.73,22.24,0,0,0.250000128,3.720385,3.2827675
690,2.02207E+11,37.89,115.32,27.75,0.8308012,250,0.560000248,7.8212543,10.241966
691,2.02207E+11,38.32,115.6,25.87,0.84502906,3875,0.499999966,7.1733994,10.165535
692,2.02207E+11,38.35,115.67,26.54,0.7424559,500,0.550000288,6.812179,10.605293
693,2.02207E+11,37.2,115.41,24.19,0.7396281,500,0.760001189,6.151351,10.432691
694,2.02207E+11,37.57,115.74,21.47,2.9989623,625,1.529999776,6.5947695,9.375615
695,2.02207E+11,38.13,115.38,26.75,1.7934224,2125,0.560000888,8.654732,8.101713
696,2.02207E+11,38.2,115.53,23.11,2.1064389,2125,0.530000194,9.155621,8.418696
697,2.02207E+11,38.2,115.62,24.76,2.3031441,2125,0.560000888,9.206873,9.038566
698,2.02207E+11,38.22,115.7,24,2.2279656,2125,0.330000388,9.205221,9.281786
699,2.02207E+11,38.27,115.72,22.28,2.0414413,2125,0.299999432,8.8632145,9.366673
700,2.02207E+11,38.32,115.62,30.88,1.0630378,2500,0.780000701,7.359911,8.18592
701,2.02207E+11,38.32,115.62,21.68,1.1195247,2500,0.970000285,7.497145,8.220273
702,2.02207E+11,38.26,115.6,23.01,1.2495003,2500,0.850000128,7.6809645,7.628554
703,2.02207E+11,38.18,115.61,25.35,1.6138151,2500,0.760000723,7.9970856,7.4587116
704,2.02207E+11,38.2,115.62,24.4,1.581976,2500,0.670000096,7.9412637,7.4839272
705,2.02207E+11,38.16,115.59,22.91,1.7695074,2500,0.579999469,8.199729,6.925291
706,2.02207E+11,38.25,115.7,24.16,1.08660926,3000,0.330000388,7.614516,7.9147506
707,2.02207E+11,38.26,115.75,21.97,0.95564596,3500,0.290000433,7.4504476,8.156022
708,2.02207E+11,38.21,115.81,26.45,1.03306586,3875,0.350000395,7.6212416,8.513978
709,2.02207E+11,38.17,115.84,23.53,1.2950657,3875,0.520000001,7.702676,8.495629
710,2.02207E+11,37.89,115.52,21.3,2.6054282,2500,0.900000101,9.106676,6.7578573
711,2.02207E+11,37.9,115.52,21.95,2.5947028,2625,1.000000047,9.07719,6.722789
712,2.02207E+11,38.22,116,21.47,1.7472048,3500,0.260000234,6.1105456,7.9211326
713,2.02207E+11,37.21,115.86,20.38,1.1643763,2500,0.739999756,5.7679935,9.88577
714,2.02207E+11,38.1,116.12,22.74,1.5755565,2500,0.459999574,6.4194794,6.6211157
715,2.02207E+11,38.09,116.11,22.34,1.5713977,2500,0.410000328,6.1605372,6.3256907
716,2.02207E+11,37.66,116.67,20.44,1.0826936,3875,0.440000178,4.3526516,10.128947
717,2.02207E+11,38.67,117.65,20.8,1.389823,500,0.680000114,3.7258058,9.938151
718,2.02207E+11,37.85,117.28,20.72,1.6868369,3875,0.440000062,4.1763783,13.789939
719,2.02207E+11,37.86,117.25,21.45,1.7352456,3875,0.520000001,4.26695,13.40275
720,2.02207E+11,37.53,116.55,21.65,0.8792562,500,0.590000651,5.118394,5.8861766
721,2.02207E+11,38.32,117.72,21.78,1.4100074,375,0.730000029,3.3923788,10.777605
722,2.02208E+11,37.88,117.35,21.79,1.5727442,3875,0.739999989,4.088356,13.439108
723,2.02208E+11,37.82,116.89,20.03,1.465962,3500,0.690000074,4.9093127,8.520464
724,2.02208E+11,37.89,117.55,20.69,1.1790981,3875,0.719999953,3.6526155,12.100939
725,2.02208E+11,38.3,118.1,20.24,1.7063152,3875,3.019999946,4.307421,14.027737
726,2.02208E+11,37.35,115.73,26.01,0.5007908,2625,0.079999925,2.4603026,2.3833032
727,2.02208E+11,37.35,115.73,31.49,0.50429764,2625,0.079999925,2.4264765,2.2274544
728,2.02208E+11,39.27,116.71,24.6,0.23932333,500,1.69999979,3.8298922,5.297918
729,2.02208E+11,39.27,116.46,31.86,0.46263256,500,1.840000041,2.9323254,5.84436
730,2.02208E+11,39.13,116.86,22.22,0.369083,500,1.380000147,4.3021936,5.4451804
731,2.02208E+11,39.18,116.91,24.66,0.332954,500,0.609999988,4.313345,5.5431523
732,2.02208E+11,38.65,117.11,21.19,0.8003511,375,0.540000095,1.5314696,2.0377765
733,2.02208E+11,39,117.51,22.2,0.44216275,375,1.059999922,1.6171348,2.4259253
734,2.02208E+11,39.01,117.57,22.44,0.28287874,750,1.219999976,2.0853937,2.8142757
735,2.02208E+11,39.07,117.54,24.58,0.33366767,750,2.089999616,3.0147371,3.3860724
736,2.02208E+11,38.6,117.61,20.43,0,0,0.82000019,1.8002781,3.1221938
737,2.02208E+11,38.93,118.53,27.33,0.4155858,750,1.87999988,3.3561904,6.252924
738,2.02208E+11,38.85,118.58,20.12,0.7265846,375,1.850000001,3.397601,7.1893687
739,2.02208E+11,39.08,117.11,27.29,0.81391925,750,1.259999699,3.1445987,2.7060692
740,2.02208E+11,39.08,117.12,20.2,0.76675664,750,1.460000058,3.4977975,2.5185757
741,2.02208E+11,39.01,117.21,21.97,0.6950117,750,0.959999743,3.8095927,3.1273115
742,2.02208E+11,38.85,116.47,21.54,0.94316965,3875,1.079999958,3.7408745,5.5274673
743,2.02208E+11,38.86,116.46,28.16,0.7904054,3875,2.260000212,3.6866941,5.361362
744,2.02208E+11,38.71,116.27,23.61,0.8189885,750,2.670000307,3.5519853,5.6725097
745,2.02208E+11,38.17,115.02,24.75,0.75929165,500,2.289999975,3.0639913,7.452969
746,2.02208E+11,38.75,116.44,20.75,0.56775974,500,1.769999857,4.3066654,5.76918
747,2.02208E+11,38.67,116.48,25.34,0.60194052,500,1.459999941,5.129995,5.798429
748,2.02208E+11,38.61,116.17,22.53,0.7882219,1000,1.929999795,5.0918965,5.789936
749,2.02208E+11,38.6,116.28,34.22,0.51962885,3750,1.610000036,5.57868,5.5857067
750,2.02208E+11,37.81,114.97,21.79,0.8870838,3875,1.790000009,4.316445,6.435106
751,2.02208E+11,37.8,114.97,23.98,0.8364994,3875,1.97999971,4.3085456,6.3678484
752,2.02208E+11,38.21,115.24,23.88,1.4779175,500,2.039999934,4.717719,6.290686
753,2.02208E+11,38.01,115.6,23.13,0.6117434,3500,0.96000015,5.9283266,7.8013296
754,2.02208E+11,37.89,114.95,29.04,1.0722078,500,1.479999977,4.269458,6.6096654
755,2.02208E+11,37.91,114.92,25.5,1.0118629,875,1.450000331,3.8769355,6.2799006
756,2.02208E+11,39.39,117.13,20.79,0.29451026,1750,1.369999954,4.4081826,10.858939
757,2.02208E+11,38.38,117.98,22.27,0.93268776,750,3.149999771,3.865446,5.247365
758,2.02208E+11,38.39,118.01,24.85,1.0500905,375,2.359999577,3.8624065,5.69962
759,2.02208E+11,38.19,117.58,24.58,0.7903168,750,1.760000247,5.9592175,7.266645
760,2.02208E+11,37.29,114.96,23.84,0.7899464,1750,1.349999919,6.1511927,2.9870465
761,2.02208E+11,38.13,116.97,25.47,0.5771459,500,1.580000389,10.364644,4.237958
762,2.02208E+11,37.93,116.86,27.48,0.9755294,500,1.900000381,9.363392,4.7223277
763,2.02208E+11,37.37,115.29,32.32,0.3077852,2250,1.110000419,7.544684,4.296838
764,2.02208E+11,37.32,115.24,29.87,0.30778905,2000,1.220000209,7.1529098,4.6968465
765,2.02208E+11,37.46,115.96,24.3,0.6897535,1375,1.479999512,8.723654,4.7014246
766,2.02208E+11,37.45,115.98,23.33,0.7360866,1375,1.380001078,9.105933,4.913497
767,2.02208E+11,37.39,115.54,23.76,0.48238497,1375,1.659999718,8.896598,5.0987353
768,2.02208E+11,37.17,115.34,29.99,0.27120868,2250,1.479999977,7.5140886,5.302427
769,2.02208E+11,36.95,115.03,20.39,0.5330851,2000,1.680000103,6.358245,4.89054
770,2.02208E+11,37.17,115.47,22.77,0.54669574,1625,1.389999874,7.656227,5.255255
771,2.02208E+11,37.12,115.5,28.96,0.56289493,1625,1.690000296,8.016062,5.6086693
772,2.02208E+11,36.56,114.94,25.91,0.6294896,1125,1.519999816,5.019911,4.901377
773,2.02208E+11,36.56,114.96,30.11,0.61017712,1125,1.590000116,5.155312,4.7959113
774,2.02208E+11,36.72,115.17,32.5,0.6234752,625,1.150000026,5.439744,5.0665483
775,2.02208E+11,36.73,115.17,27.49,0.788218,625,1.749999938,5.362145,4.865016
776,2.02208E+11,36.66,115.26,21.4,0.60169365,1000,1.080000424,5.4977746,5.177489
777,2.02208E+11,36.82,115.4,28.32,1.8885382,500,2.880000044,6.7345715,12.30965
778,2.02208E+11,36.45,115.3,21.7,2.4874427,500,3.200000152,5.6699862,10.538263
779,2.02208E+11,37.16,115.16,24.94,1.6254812,2000,2.130000852,7.8964252,10.594472
780,2.02208E+11,37.94,117.12,20.99,0.23179276,1875,0.439999945,6.8810563,10.459196
781,2.02208E+11,36.99,115.44,27.17,1.086671,500,2.050000243,3.7485075,6.7110405
782,2.02208E+11,37,115.42,27.51,1.08011656,500,1.029999927,3.9702313,6.7639847
783,2.02208E+11,36.91,115.25,23.34,1.2372246,500,1.970000332,4.1133947,6.8152814
784,2.02208E+11,37.56,116.28,29.57,0.4606265,750,1.489999937,3.5615237,7.3884845
785,2.02208E+11,37.57,116.46,20.64,0.4813703,875,1.799999853,4.3281574,6.560781
786,2.02208E+11,37.51,116.45,25.35,0.432221,2375,1.61999953,4.28948,6.140211
787,2.02208E+11,38.05,117,20.4,0.28509316,750,0.999999815,2.5685706,6.318424
788,2.02208E+11,38.05,117,23.6,0.37153273,750,1.180000138,2.7413988,6.046147
789,2.02208E+11,36.55,114.93,20.43,0.924891,3750,1.519999932,4.516156,6.6580033
790,2.02208E+11,38.88,115.92,26.38,1.2128351,3500,1.130000106,5.577011,12.611097
791,2.02208E+11,38.93,115.98,20.77,1.2952008,1375,1.250000205,5.79763,12.604869
792,2.02208E+11,39,116.04,27.71,1.4811002,2875,1.350000151,6.0872774,12.272583
793,2.02208E+11,38.86,116.15,21.57,1.0397631,2875,1.359999646,5.9086666,13.002915
794,2.02208E+11,38.81,116.19,30.31,0.94833915,1000,1.449999865,5.8475,13.217989
795,2.02208E+11,38.85,116.31,20.51,0.91823225,1000,1.150000375,6.1929216,13.0497055
796,2.02208E+11,38.88,116.36,25.25,0.9343234,1000,1.150000026,5.927847,13.895192
797,2.02208E+11,38.87,116.45,20.9,0.7955171,1000,1.320000156,5.93624,13.936716
798,2.02208E+11,38.88,116.78,28.5,0.49540526,500,1.420000568,6.0726557,15.372605
799,2.02208E+11,38.93,117.06,21,0.4074882,3875,1.530000241,5.8289847,15.521221
800,2.02208E+11,38.96,117.39,22.41,0.34529916,750,1.479999744,5.426622,16.828669
801,2.02208E+11,39.51,116.75,20.58,1.2026426,500,2.619999927,5.630753,17.300024
802,2.02208E+11,38.11,116.11,29.59,2.0655146,2625,2.430000342,8.938654,10.439637
803,2.02208E+11,38.34,116.8,20.24,2.1481077,2000,2.520000562,8.44469,11.01627
804,2.02208E+11,37.95,116.08,25.08,2.3255237,2375,2.460000338,9.878026,10.8104315
805,2.02208E+11,38.26,116.91,20.26,2.55614,2000,2.610000083,9.9234495,11.223617
806,2.02208E+11,38.1,116.4,24.75,2.5621618,2375,2.560000401,9.799774,10.365668
807,2.02208E+11,37.9,116.25,22.54,2.3631727,2750,2.510000253,9.718936,10.827777
808,2.02208E+11,38.17,116.8,22.61,2.6733227,2000,2.979999641,10.170212,9.808731
809,2.02208E+11,38.1,116.74,22.27,2.7053006,2500,3.859999822,10.083127,8.964042
810,2.02208E+11,38.13,117.03,22.93,2.52964,2000,3.229999682,10.352545,8.376693
811,2.02208E+11,39.44,117.64,21.96,1.02238344,875,1.790000242,8.788837,18.105038
812,2.02208E+11,38.72,116.64,22.6,0.6312642,375,2.790000057,6.669422,14.352929
813,2.02208E+11,38.69,116.71,20.12,0.7628873,375,2.800000831,7.409648,14.426643
814,2.02208E+11,38.66,116.74,22,0.7724741,375,2.839999739,7.413318,14.356528
815,2.02208E+11,38.67,116.82,31.16,0.86179534,750,2.679999918,7.876262,14.137556
816,2.02208E+11,38.66,116.96,22.34,0.9925928,750,2.520000096,8.396148,14.418547
817,2.02208E+11,38.69,117.03,28.74,0.8987115,750,1.859999378,8.579418,14.64966
818,2.02208E+11,38.7,117.16,20.55,0.7064851,500,1.7799997,9.12144,14.531114
819,2.02208E+11,38.69,117.16,22.73,0.7508159,500,1.730000484,9.73975,14.343911
820,2.02208E+11,38.72,117.2,22.57,0.7273484,500,2.419999568,9.9980345,14.090437
821,2.02208E+11,38.71,117.16,34.54,0.71294315,750,2.020000014,9.955297,14.281929
822,2.02208E+11,38.7,117.16,38.29,0.84958134,500,2.120000077,9.793551,14.041063
823,2.02208E+11,38.68,117.42,30.31,0.9752787,250,1.539999968,9.276036,14.328382
824,2.02208E+11,38.5,117.06,21.87,0.6276532,250,1.39000034,10.817,14.328683
825,2.02208E+11,39.18,117.47,20.7,1.6079046,375,1.849999418,8.889404,14.207838
826,2.02208E+11,39.09,117.79,25.31,1.334802,250,1.640000381,9.972427,13.082722
827,2.02208E+11,39.08,117.13,25.73,1.491204,750,1.819999656,10.676145,13.022737
828,2.02208E+11,39.16,117.85,23.09,1.5799698,750,2.04999838,9.510068,12.762963
829,2.02208E+11,38.99,117.71,25.27,1.5092705,250,2.420000033,9.985914,12.930954
830,2.02208E+11,38.99,117.85,32.17,1.7717296,250,2.180000301,9.69105,12.733647
831,2.02208E+11,38.94,117.87,44.56,1.8324176,0,1.900000148,9.669213,12.688814
832,2.02208E+11,38.88,117.84,33.12,1.8274722,250,2.540000016,10.63127,13.853353
833,2.02208E+11,38.75,117.61,20.79,1.3980133,125,2.980000107,11.100718,13.720814
834,2.02208E+11,39.03,117.69,20.93,1.4689828,125,2.760000294,10.721727,11.739977
835,2.02208E+11,39.01,117.8,21.03,1.6558659,250,2.240000758,10.219241,11.350862
836,2.02208E+11,38.96,117.87,23.41,1.7455034,250,2.69000046,9.637064,10.794371
837,2.02208E+11,38.91,117.89,29.15,1.6371784,250,2.240000293,8.9897995,10.013139
838,2.02208E+11,38.85,117.91,22.49,1.4910304,0,2.700000303,8.328652,10.282735
839,2.02208E+11,38.62,118.24,20.18,1.1471702,250,2.259999746,7.7715397,11.839948
840,2.02208E+11,37.82,116.75,21.63,1.2547355,3750,2.440001117,12.400074,12.361089
841,2.02208E+11,38.01,116.75,21.74,1.754558,2750,1.819999656,12.43465,11.34353
842,2.02208E+11,37.87,116.83,22.49,2.012137,3125,2.499999711,11.66483,10.245058
843,2.02208E+11,37.92,116.99,29.9,2.0523282,3125,2.680000616,11.519861,9.933343
844,2.02208E+11,38.18,117.29,22.64,2.3272057,2500,3.409999888,11.099508,10.274723
845,2.02208E+11,38.13,116.97,31.55,2.4833455,2500,2.40000058,11.832742,8.683405
846,2.02208E+11,37.95,117.28,21.65,2.368107,2000,2.010000171,10.857506,9.329856
847,2.02208E+11,37.97,117.38,25.96,2.3203886,2000,2.369999886,10.166924,9.16564
848,2.02208E+11,37.85,117.4,25.4,2.2176575,2000,1.85000035,10.992027,9.636522
849,2.02208E+11,37.82,117.38,24.48,1.7556423,2250,2.360000508,9.854079,8.539062
850,2.02208E+11,38.15,116.04,21.42,0.6529841,3875,2.039999934,9.988611,15.469095
851,2.02208E+11,38.13,115.98,30.05,0.9296555,500,2.45999964,9.587566,16.11085
852,2.02208E+11,38.38,116.31,20.87,1.7042321,1000,1.799999969,8.791027,18.23354
853,2.02208E+11,38.33,116.34,21.33,1.723826,1000,2.369999653,9.84352,18.602577
854,2.02208E+11,38.01,115.73,20.68,0.5924733,750,3.050000174,9.842509,15.523358
855,2.02208E+11,38.42,116.76,23.49,1.1647583,1625,1.210000017,10.607973,19.580896
856,2.02208E+11,38.43,116.94,22.82,1.16758216,1375,1.530000241,9.925151,18.84683
857,2.02208E+11,38,115.69,28.19,0.6167431,375,1.509999973,8.812234,16.554955
858,2.02208E+11,38,115.85,29.61,0.6842868,250,2.130000154,9.234568,16.79419
859,2.02208E+11,38,115.88,34.59,0.64760236,0,3.080000402,9.514147,16.83541
860,2.02208E+11,38,115.94,36.06,0.49212995,0,1.829999965,9.579471,16.934774
861,2.02208E+11,38.03,116.13,22.83,0.3452915,125,1.2800002,8.77012,17.410868
862,2.02208E+11,38.02,116.12,31.85,0.40333707,125,1.700000023,8.881836,18.006578
863,2.02208E+11,38.02,116.3,22.86,0.208796,250,1.549999462,9.009633,18.035225
864,2.02208E+11,38.02,116.14,32.03,0.7306007,375,1.720000058,8.974234,18.003674
865,2.02208E+11,38.01,116.15,31.99,0.8376027,375,1.930000028,9.082219,17.91375
866,2.02208E+11,37.95,116.12,25.92,0.9232204,375,1.680000103,8.662414,17.450848
867,2.02208E+11,37.97,116.13,25.18,0.9571043,375,1.660000067,7.3930783,17.465605
868,2.02208E+11,37.94,116.2,30.1,0.7103777,375,1.900000148,7.7152567,17.487509
869,2.02208E+11,37.93,116.25,23.37,0.54187723,375,1.819999656,7.8879366,17.392553
870,2.02208E+11,37.94,116.38,22.71,0.3916747,750,1.490000286,7.7731504,16.823378
871,2.02208E+11,38.08,116.39,31.65,1.2806256,750,1.379999914,6.2586937,15.168079
872,2.02208E+11,38.07,116.39,30.4,1.12750284,750,1.530000009,6.2294736,15.357434
873,2.02208E+11,38.07,116.47,29.34,1.0630647,750,1.840000157,6.373855,15.454486
874,2.02208E+11,38.04,116.49,29.12,1.10407396,750,1.420000102,5.5932927,14.432838
875,2.02208E+11,37.75,114.96,36.35,3.264419,2000,1.580000157,5.9551353,10.395351
876,2.02208E+11,37.67,115.05,41.18,2.995849,2000,1.270000124,5.3722715,8.990595
877,2.02208E+11,37.72,115.13,54.26,2.9105088,2000,1.289999927,6.0561104,8.391389
878,2.02208E+11,37.53,115.21,29.96,3.274299,2000,1.860000077,4.23914,10.282651
879,2.02208E+11,37.81,116.59,25.46,1.687759,1000,1.200000057,3.4574583,12.982437
880,2.02208E+11,37.83,115.09,24.02,2.1749546,2000,1.240000012,8.030992,5.4403076
881,2.02208E+11,37.39,115.54,27.39,3.2718183,2375,2.130000154,4.8032913,10.301985
882,2.02208E+11,37.44,115.63,26.22,3.0417187,2250,2.000000095,4.7773337,9.768294
883,2.02208E+11,37.31,115.85,31.4,3.0731878,2750,2.970000263,4.2655315,10.3485775
